{
    "name": "b7dc9921-fcfe3332",
    "frames": [
        {
            "timestamp": 10000,
            "objects": [
                {
                    "category": "car",
                    "id": 0,
                    "attributes": {
                        "occluded": true,
                        "truncated": false,
                        "trafficLightColor": "none"
                    },
                    "box2d": {
                        "x1": 538.504412,
                        "y1": 451.670575,
                        "x2": 556.005805,
                        "y2": 462.440664
                    }
                },
                {
                    "category": "car",
                    "id": 1,
                    "attributes": {
                        "occluded": true,
                        "truncated": false,
                        "trafficLightColor": "none"
                    },
                    "box2d": {
                        "x1": 521.003018,
                        "y1": 451.670575,
                        "x2": 537.158152,
                        "y2": 463.786926
                    }
                },
                {
                    "category": "car",
                    "id": 2,
                    "attributes": {
                        "occluded": true,
                        "truncated": false,
                        "trafficLightColor": "none"
                    },
                    "box2d": {
                        "x1": 502.155364,
                        "y1": 453.016836,
                        "x2": 521.00302,
                        "y2": 465.133187
                    }
                },
                {
                    "category": "car",
                    "id": 3,
                    "attributes": {
                        "occluded": true,
                        "truncated": false,
                        "trafficLightColor": "none"
                    },
                    "box2d": {
                        "x1": 476.576404,
                        "y1": 446.285531,
                        "x2": 498.116581,
                        "y2": 461.094403
                    }
                },
                {
                    "category": "car",
                    "id": 4,
                    "attributes": {
                        "occluded": true,
                        "truncated": false,
                        "trafficLightColor": "none"
                    },
                    "box2d": {
                        "x1": 480.615186,
                        "y1": 458.40188,
                        "x2": 498.11658,
                        "y2": 477.249535
                    }
                },
                {
                    "category": "car",
                    "id": 5,
                    "attributes": {
                        "occluded": true,
                        "truncated": false,
                        "trafficLightColor": "none"
                    },
                    "box2d": {
                        "x1": 445.612401,
                        "y1": 447.631792,
                        "x2": 476.576405,
                        "y2": 462.440663
                    }
                },
                {
                    "category": "car",
                    "id": 6,
                    "attributes": {
                        "occluded": true,
                        "truncated": false,
                        "trafficLightColor": "none"
                    },
                    "box2d": {
                        "x1": 421.379702,
                        "y1": 442.246748,
                        "x2": 448.304921,
                        "y2": 470.51823
                    }
                },
                {
                    "category": "car",
                    "id": 7,
                    "attributes": {
                        "occluded": true,
                        "truncated": false,
                        "trafficLightColor": "none"
                    },
                    "box2d": {
                        "x1": 390.415698,
                        "y1": 444.939271,
                        "x2": 421.379702,
                        "y2": 473.210752
                    }
                },
                {
                    "category": "car",
                    "id": 8,
                    "attributes": {
                        "occluded": true,
                        "truncated": false,
                        "trafficLightColor": "none"
                    },
                    "box2d": {
                        "x1": 331.180213,
                        "y1": 424.745355,
                        "x2": 389.069438,
                        "y2": 467.825707
                    }
                },
                {
                    "category": "car",
                    "id": 9,
                    "attributes": {
                        "occluded": true,
                        "truncated": false,
                        "trafficLightColor": "none"
                    },
                    "box2d": {
                        "x1": 266.559684,
                        "y1": 443.593009,
                        "x2": 305.601254,
                        "y2": 492.058406
                    }
                },
                {
                    "category": "car",
                    "id": 10,
                    "attributes": {
                        "occluded": true,
                        "truncated": false,
                        "trafficLightColor": "none"
                    },
                    "box2d": {
                        "x1": 297.523687,
                        "y1": 440.900487,
                        "x2": 391.761961,
                        "y2": 498.037579
                    }
                },
                {
                    "category": "car",
                    "id": 11,
                    "attributes": {
                        "occluded": false,
                        "truncated": false,
                        "trafficLightColor": "none"
                    },
                    "box2d": {
                        "x1": 39.04157,
                        "y1": 428.784139,
                        "x2": 176.360194,
                        "y2": 490.712146
                    }
                },
                {
                    "category": "car",
                    "id": 12,
                    "attributes": {
                        "occluded": false,
                        "truncated": false,
                        "trafficLightColor": "none"
                    },
                    "box2d": {
                        "x1": 224.825591,
                        "y1": 416.667789,
                        "x2": 258.482116,
                        "y2": 440.900487
                    }
                },
                {
                    "category": "car",
                    "id": 13,
                    "attributes": {
                        "occluded": true,
                        "truncated": false,
                        "trafficLightColor": "none"
                    },
                    "box2d": {
                        "x1": 193.861588,
                        "y1": 401.858916,
                        "x2": 220.786809,
                        "y2": 430.130399
                    }
                },
                {
                    "category": "car",
                    "id": 14,
                    "attributes": {
                        "occluded": true,
                        "truncated": false,
                        "trafficLightColor": "none"
                    },
                    "box2d": {
                        "x1": 158.8588,
                        "y1": 408.590223,
                        "x2": 201.939153,
                        "y2": 438.207966
                    }
                },
                {
                    "category": "car",
                    "id": 15,
                    "attributes": {
                        "occluded": false,
                        "truncated": false,
                        "trafficLightColor": "none"
                    },
                    "box2d": {
                        "x1": 558.025197,
                        "y1": 450.324314,
                        "x2": 578.219112,
                        "y2": 462.440664
                    }
                },
                {
                    "category": "car",
                    "id": 16,
                    "attributes": {
                        "occluded": true,
                        "truncated": false,
                        "trafficLightColor": "none"
                    },
                    "box2d": {
                        "x1": 575.52659,
                        "y1": 455.709358,
                        "x2": 588.989199,
                        "y2": 465.133187
                    }
                },
                {
                    "category": "car",
                    "id": 17,
                    "attributes": {
                        "occluded": true,
                        "truncated": false,
                        "trafficLightColor": "none"
                    },
                    "box2d": {
                        "x1": 584.277287,
                        "y1": 454.363096,
                        "x2": 605.817464,
                        "y2": 466.479447
                    }
                },
                {
                    "category": "car",
                    "id": 18,
                    "attributes": {
                        "occluded": false,
                        "truncated": false,
                        "trafficLightColor": "none"
                    },
                    "box2d": {
                        "x1": 585.623548,
                        "y1": 457.055619,
                        "x2": 611.202507,
                        "y2": 474.557011
                    }
                },
                {
                    "category": "car",
                    "id": 19,
                    "attributes": {
                        "occluded": false,
                        "truncated": false,
                        "trafficLightColor": "none"
                    },
                    "box2d": {
                        "x1": 632.742684,
                        "y1": 454.363096,
                        "x2": 654.282861,
                        "y2": 469.171968
                    }
                },
                {
                    "category": "car",
                    "id": 20,
                    "attributes": {
                        "occluded": true,
                        "truncated": false,
                        "trafficLightColor": "none"
                    },
                    "box2d": {
                        "x1": 666.399209,
                        "y1": 462.440664,
                        "x2": 681.20808,
                        "y2": 475.903274
                    }
                },
                {
                    "category": "car",
                    "id": 21,
                    "attributes": {
                        "occluded": true,
                        "truncated": false,
                        "trafficLightColor": "none"
                    },
                    "box2d": {
                        "x1": 678.515559,
                        "y1": 461.094403,
                        "x2": 697.363214,
                        "y2": 475.903273
                    }
                },
                {
                    "category": "car",
                    "id": 22,
                    "attributes": {
                        "occluded": true,
                        "truncated": false,
                        "trafficLightColor": "none"
                    },
                    "box2d": {
                        "x1": 696.016952,
                        "y1": 462.440664,
                        "x2": 716.210867,
                        "y2": 479.942057
                    }
                },
                {
                    "category": "car",
                    "id": 23,
                    "attributes": {
                        "occluded": true,
                        "truncated": false,
                        "trafficLightColor": "none"
                    },
                    "box2d": {
                        "x1": 709.479562,
                        "y1": 465.133187,
                        "x2": 739.097305,
                        "y2": 485.3271
                    }
                },
                {
                    "category": "traffic sign",
                    "id": 24,
                    "attributes": {
                        "occluded": false,
                        "truncated": false,
                        "trafficLightColor": "none"
                    },
                    "box2d": {
                        "x1": 690.631908,
                        "y1": 434.169182,
                        "x2": 700.055735,
                        "y2": 446.285531
                    }
                },
                {
                    "category": "traffic sign",
                    "id": 25,
                    "attributes": {
                        "occluded": false,
                        "truncated": false,
                        "trafficLightColor": "none"
                    },
                    "box2d": {
                        "x1": 726.980956,
                        "y1": 416.667789,
                        "x2": 745.82861,
                        "y2": 436.861703
                    }
                },
                {
                    "category": "traffic sign",
                    "id": 26,
                    "attributes": {
                        "occluded": false,
                        "truncated": false,
                        "trafficLightColor": "none"
                    },
                    "box2d": {
                        "x1": 728.327217,
                        "y1": 439.554226,
                        "x2": 743.136089,
                        "y2": 446.285531
                    }
                },
                {
                    "category": "car",
                    "id": 27,
                    "attributes": {
                        "occluded": true,
                        "truncated": false,
                        "trafficLightColor": "none"
                    },
                    "box2d": {
                        "x1": 839.046003,
                        "y1": 459.409124,
                        "x2": 923.489605,
                        "y2": 492.647563
                    }
                },
                {
                    "category": "car",
                    "id": 28,
                    "attributes": {
                        "occluded": true,
                        "truncated": false,
                        "trafficLightColor": "none"
                    },
                    "box2d": {
                        "x1": 1184.036575,
                        "y1": 481.288319,
                        "x2": 1213.654318,
                        "y2": 498.789711
                    }
                },
                {
                    "category": "car",
                    "id": 29,
                    "attributes": {
                        "occluded": true,
                        "truncated": false,
                        "trafficLightColor": "none"
                    },
                    "box2d": {
                        "x1": 1147.687527,
                        "y1": 471.864491,
                        "x2": 1175.95901,
                        "y2": 486.673363
                    }
                },
                {
                    "category": "car",
                    "id": 30,
                    "attributes": {
                        "occluded": true,
                        "truncated": false,
                        "trafficLightColor": "none"
                    },
                    "box2d": {
                        "x1": 1124.801091,
                        "y1": 469.171969,
                        "x2": 1144.995004,
                        "y2": 488.019623
                    }
                },
                {
                    "category": "car",
                    "id": 31,
                    "attributes": {
                        "occluded": false,
                        "truncated": true,
                        "trafficLightColor": "none"
                    },
                    "box2d": {
                        "x1": 1227.116928,
                        "y1": 458.40188,
                        "x2": 1278.332402,
                        "y2": 510.906062
                    }
                },
                {
                    "category": "car",
                    "id": 32,
                    "attributes": {
                        "occluded": true,
                        "truncated": false,
                        "trafficLightColor": "none"
                    },
                    "box2d": {
                        "x1": 1049.410472,
                        "y1": 438.207964,
                        "x2": 1087.105781,
                        "y2": 474.557011
                    }
                },
                {
                    "category": "traffic light",
                    "id": 33,
                    "attributes": {
                        "occluded": false,
                        "truncated": false,
                        "trafficLightColor": "green"
                    },
                    "box2d": {
                        "x1": 598.00181,
                        "y1": 430.003595,
                        "x2": 605.188501,
                        "y2": 436.291948
                    }
                },
                {
                    "category": "car",
                    "id": 34,
                    "attributes": {
                        "occluded": true,
                        "truncated": false,
                        "trafficLightColor": "none"
                    },
                    "box2d": {
                        "x1": 1099.563498,
                        "y1": 475.64094,
                        "x2": 1124.716912,
                        "y2": 483.725966
                    }
                },
                {
                    "category": "area/drivable",
                    "id": 35,
                    "attributes": {},
                    "poly2d": [
                        [
                            70.199975,
                            719.549748,
                            "L"
                        ],
                        [
                            892.921881,
                            720.487999,
                            "L"
                        ],
                        [
                            797.369357,
                            644.127062,
                            "C"
                        ],
                        [
                            722.249747,
                            542.69981,
                            "C"
                        ],
                        [
                            623.837186,
                            481.576533,
                            "C"
                        ],
                        [
                            566.725333,
                            478.28159,
                            "L"
                        ],
                        [
                            524.989747,
                            528.804052,
                            "C"
                        ],
                        [
                            272.379627,
                            639.733804,
                            "C"
                        ],
                        [
                            70.199975,
                            719.549748,
                            "C"
                        ]
                    ]
                },
                {
                    "category": "lane/road curb",
                    "id": 36,
                    "attributes": {
                        "direction": "parallel",
                        "style": "solid"
                    },
                    "poly2d": [
                        [
                            530.197779,
                            512.209917,
                            "L"
                        ],
                        [
                            100.360802,
                            720.3888,
                            "L"
                        ]
                    ]
                },
                {
                    "category": "lane/single white",
                    "id": 37,
                    "attributes": {
                        "direction": "parallel",
                        "style": "solid"
                    },
                    "poly2d": [
                        [
                            632.040686,
                            492.739949,
                            "C"
                        ],
                        [
                            685.95752,
                            516.702986,
                            "C"
                        ],
                        [
                            748.860492,
                            582.601338,
                            "C"
                        ],
                        [
                            807.270394,
                            639.51355,
                            "L"
                        ]
                    ]
                },
                {
                    "category": "lane/road curb",
                    "id": 38,
                    "attributes": {
                        "direction": "parallel",
                        "style": "solid"
                    },
                    "poly2d": [
                        [
                            799.781945,
                            608.062064,
                            "L"
                        ],
                        [
                            685.95752,
                            518.200675,
                            "L"
                        ]
                    ]
                }
            ]
        }
    ],
    "attributes": {
        "weather": "foggy",
        "scene": "highway",
        "timeofday": "night"
    }
}