{
    "name": "b7def2fa-8283e208",
    "frames": [
        {
            "timestamp": 10000,
            "objects": [
                {
                    "category": "traffic sign",
                    "id": 0,
                    "attributes": {
                        "occluded": false,
                        "truncated": false,
                        "trafficLightColor": "none"
                    },
                    "box2d": {
                        "x1": 592.810134,
                        "y1": 204.74444,
                        "x2": 606.276135,
                        "y2": 216.986261
                    }
                },
                {
                    "category": "traffic sign",
                    "id": 1,
                    "attributes": {
                        "occluded": false,
                        "truncated": false,
                        "trafficLightColor": "none"
                    },
                    "box2d": {
                        "x1": 607.500318,
                        "y1": 232.900626,
                        "x2": 619.742139,
                        "y2": 243.918264
                    }
                },
                {
                    "category": "traffic sign",
                    "id": 2,
                    "attributes": {
                        "occluded": false,
                        "truncated": false,
                        "trafficLightColor": "none"
                    },
                    "box2d": {
                        "x1": 454.477568,
                        "y1": 245.142446,
                        "x2": 465.495206,
                        "y2": 254.935902
                    }
                },
                {
                    "category": "traffic light",
                    "id": 3,
                    "attributes": {
                        "occluded": false,
                        "truncated": false,
                        "trafficLightColor": "green"
                    },
                    "box2d": {
                        "x1": 488.448619,
                        "y1": 229.22808,
                        "x2": 494.569529,
                        "y2": 239.021536
                    }
                },
                {
                    "category": "car",
                    "id": 4,
                    "attributes": {
                        "occluded": true,
                        "truncated": false,
                        "trafficLightColor": "none"
                    },
                    "box2d": {
                        "x1": 500.690439,
                        "y1": 248.814992,
                        "x2": 509.259712,
                        "y2": 259.83263
                    }
                },
                {
                    "category": "car",
                    "id": 5,
                    "attributes": {
                        "occluded": true,
                        "truncated": false,
                        "trafficLightColor": "none"
                    },
                    "box2d": {
                        "x1": 489.672801,
                        "y1": 250.039174,
                        "x2": 500.69044,
                        "y2": 259.83263
                    }
                },
                {
                    "category": "car",
                    "id": 6,
                    "attributes": {
                        "occluded": true,
                        "truncated": false,
                        "trafficLightColor": "none"
                    },
                    "box2d": {
                        "x1": 483.551891,
                        "y1": 252.487538,
                        "x2": 497.017893,
                        "y2": 264.729359
                    }
                },
                {
                    "category": "car",
                    "id": 7,
                    "attributes": {
                        "occluded": true,
                        "truncated": false,
                        "trafficLightColor": "none"
                    },
                    "box2d": {
                        "x1": 476.206799,
                        "y1": 256.160084,
                        "x2": 490.896983,
                        "y2": 269.626086
                    }
                },
                {
                    "category": "car",
                    "id": 8,
                    "attributes": {
                        "occluded": true,
                        "truncated": false,
                        "trafficLightColor": "none"
                    },
                    "box2d": {
                        "x1": 466.413343,
                        "y1": 261.056812,
                        "x2": 482.327709,
                        "y2": 276.971178
                    }
                },
                {
                    "category": "car",
                    "id": 9,
                    "attributes": {
                        "occluded": true,
                        "truncated": false,
                        "trafficLightColor": "none"
                    },
                    "box2d": {
                        "x1": 444.378067,
                        "y1": 258.608448,
                        "x2": 467.637525,
                        "y2": 280.643724
                    }
                },
                {
                    "category": "car",
                    "id": 10,
                    "attributes": {
                        "occluded": true,
                        "truncated": false,
                        "trafficLightColor": "none"
                    },
                    "box2d": {
                        "x1": 440.705521,
                        "y1": 261.056812,
                        "x2": 451.723159,
                        "y2": 281.867906
                    }
                },
                {
                    "category": "car",
                    "id": 11,
                    "attributes": {
                        "occluded": true,
                        "truncated": false,
                        "trafficLightColor": "none"
                    },
                    "box2d": {
                        "x1": 416.221881,
                        "y1": 257.384266,
                        "x2": 444.378067,
                        "y2": 284.31627
                    }
                },
                {
                    "category": "car",
                    "id": 12,
                    "attributes": {
                        "occluded": true,
                        "truncated": false,
                        "trafficLightColor": "none"
                    },
                    "box2d": {
                        "x1": 399.083333,
                        "y1": 259.83263,
                        "x2": 423.566973,
                        "y2": 290.43718
                    }
                },
                {
                    "category": "car",
                    "id": 13,
                    "attributes": {
                        "occluded": true,
                        "truncated": false,
                        "trafficLightColor": "none"
                    },
                    "box2d": {
                        "x1": 375.823874,
                        "y1": 253.71172,
                        "x2": 405.204243,
                        "y2": 294.109725
                    }
                },
                {
                    "category": "car",
                    "id": 14,
                    "attributes": {
                        "occluded": true,
                        "truncated": false,
                        "trafficLightColor": "none"
                    },
                    "box2d": {
                        "x1": 343.995142,
                        "y1": 257.384266,
                        "x2": 388.065695,
                        "y2": 299.006454
                    }
                },
                {
                    "category": "car",
                    "id": 15,
                    "attributes": {
                        "occluded": true,
                        "truncated": false,
                        "trafficLightColor": "none"
                    },
                    "box2d": {
                        "x1": 328.080776,
                        "y1": 264.729358,
                        "x2": 366.030418,
                        "y2": 305.127363
                    }
                },
                {
                    "category": "car",
                    "id": 16,
                    "attributes": {
                        "occluded": true,
                        "truncated": false,
                        "trafficLightColor": "none"
                    },
                    "box2d": {
                        "x1": 296.252044,
                        "y1": 265.95354,
                        "x2": 342.77096,
                        "y2": 313.696638
                    }
                },
                {
                    "category": "car",
                    "id": 17,
                    "attributes": {
                        "occluded": true,
                        "truncated": false,
                        "trafficLightColor": "none"
                    },
                    "box2d": {
                        "x1": 213.007668,
                        "y1": 251.263356,
                        "x2": 307.269682,
                        "y2": 322.265913
                    }
                },
                {
                    "category": "car",
                    "id": 18,
                    "attributes": {
                        "occluded": true,
                        "truncated": false,
                        "trafficLightColor": "none"
                    },
                    "box2d": {
                        "x1": 127.314928,
                        "y1": 267.177722,
                        "x2": 233.818762,
                        "y2": 345.52537
                    }
                },
                {
                    "category": "car",
                    "id": 19,
                    "attributes": {
                        "occluded": true,
                        "truncated": false,
                        "trafficLightColor": "none"
                    },
                    "box2d": {
                        "x1": 527.622443,
                        "y1": 246.366628,
                        "x2": 534.967535,
                        "y2": 257.384266
                    }
                },
                {
                    "category": "car",
                    "id": 20,
                    "attributes": {
                        "occluded": true,
                        "truncated": false,
                        "trafficLightColor": "none"
                    },
                    "box2d": {
                        "x1": 532.519171,
                        "y1": 248.814992,
                        "x2": 544.760991,
                        "y2": 259.83263
                    }
                },
                {
                    "category": "car",
                    "id": 21,
                    "attributes": {
                        "occluded": true,
                        "truncated": false,
                        "trafficLightColor": "none"
                    },
                    "box2d": {
                        "x1": 533.743353,
                        "y1": 256.160084,
                        "x2": 548.433537,
                        "y2": 269.626086
                    }
                },
                {
                    "category": "car",
                    "id": 22,
                    "attributes": {
                        "occluded": true,
                        "truncated": false,
                        "trafficLightColor": "none"
                    },
                    "box2d": {
                        "x1": 541.088445,
                        "y1": 261.056812,
                        "x2": 553.330265,
                        "y2": 276.971178
                    }
                },
                {
                    "category": "car",
                    "id": 23,
                    "attributes": {
                        "occluded": true,
                        "truncated": false,
                        "trafficLightColor": "none"
                    },
                    "box2d": {
                        "x1": 553.330265,
                        "y1": 248.814992,
                        "x2": 570.468814,
                        "y2": 284.316269
                    }
                },
                {
                    "category": "car",
                    "id": 24,
                    "attributes": {
                        "occluded": true,
                        "truncated": false,
                        "trafficLightColor": "none"
                    },
                    "box2d": {
                        "x1": 561.899539,
                        "y1": 251.263356,
                        "x2": 581.486451,
                        "y2": 284.31627
                    }
                },
                {
                    "category": "car",
                    "id": 25,
                    "attributes": {
                        "occluded": true,
                        "truncated": false,
                        "trafficLightColor": "none"
                    },
                    "box2d": {
                        "x1": 566.796267,
                        "y1": 252.487538,
                        "x2": 591.279907,
                        "y2": 287.988816
                    }
                },
                {
                    "category": "car",
                    "id": 26,
                    "attributes": {
                        "occluded": true,
                        "truncated": false,
                        "trafficLightColor": "none"
                    },
                    "box2d": {
                        "x1": 583.934815,
                        "y1": 254.935902,
                        "x2": 610.866819,
                        "y2": 291.661362
                    }
                },
                {
                    "category": "car",
                    "id": 27,
                    "attributes": {
                        "occluded": true,
                        "truncated": false,
                        "trafficLightColor": "none"
                    },
                    "box2d": {
                        "x1": 807.960121,
                        "y1": 230.452262,
                        "x2": 964.655416,
                        "y2": 313.696638
                    }
                },
                {
                    "category": "car",
                    "id": 28,
                    "attributes": {
                        "occluded": false,
                        "truncated": false,
                        "trafficLightColor": "none"
                    },
                    "box2d": {
                        "x1": 516.604805,
                        "y1": 253.71172,
                        "x2": 527.622443,
                        "y2": 264.729358
                    }
                },
                {
                    "category": "car",
                    "id": 29,
                    "attributes": {
                        "occluded": false,
                        "truncated": false,
                        "trafficLightColor": "none"
                    },
                    "box2d": {
                        "x1": 498.242075,
                        "y1": 261.056812,
                        "x2": 512.932259,
                        "y2": 274.522814
                    }
                },
                {
                    "category": "car",
                    "id": 30,
                    "attributes": {
                        "occluded": false,
                        "truncated": false,
                        "trafficLightColor": "none"
                    },
                    "box2d": {
                        "x1": 598.624999,
                        "y1": 246.366628,
                        "x2": 667.179191,
                        "y2": 305.127364
                    }
                },
                {
                    "category": "car",
                    "id": 31,
                    "attributes": {
                        "occluded": false,
                        "truncated": true,
                        "trafficLightColor": "none"
                    },
                    "box2d": {
                        "x1": 0,
                        "y1": 261.056812,
                        "x2": 151.798568,
                        "y2": 373.681556
                    }
                },
                {
                    "category": "person",
                    "id": 32,
                    "attributes": {
                        "occluded": true,
                        "truncated": false,
                        "trafficLightColor": "none"
                    },
                    "box2d": {
                        "x1": 674.524283,
                        "y1": 246.366628,
                        "x2": 685.541921,
                        "y2": 291.661362
                    }
                },
                {
                    "category": "area/drivable",
                    "id": 33,
                    "attributes": {},
                    "poly2d": [
                        [
                            506.819173,
                            278.437309,
                            "L"
                        ],
                        [
                            540.569149,
                            280.124807,
                            "L"
                        ],
                        [
                            601.319108,
                            310.499787,
                            "L"
                        ],
                        [
                            678.944054,
                            307.124789,
                            "L"
                        ],
                        [
                            1280.811619,
                            502.874654,
                            "L"
                        ],
                        [
                            1280.811619,
                            597.374589,
                            "L"
                        ],
                        [
                            911.818893,
                            539.999629,
                            "C"
                        ],
                        [
                            527.069159,
                            512.999647,
                            "C"
                        ],
                        [
                            93.381957,
                            614.249578,
                            "C"
                        ],
                        [
                            506.819173,
                            278.437309,
                            "L"
                        ]
                    ]
                },
                {
                    "category": "lane/double yellow",
                    "id": 34,
                    "attributes": {
                        "direction": "parallel",
                        "style": "solid"
                    },
                    "poly2d": [
                        [
                            511.352132,
                            279.469009,
                            "L"
                        ],
                        [
                            93.684163,
                            611.146514,
                            "L"
                        ]
                    ]
                },
                {
                    "category": "lane/double yellow",
                    "id": 35,
                    "attributes": {
                        "direction": "parallel",
                        "style": "solid"
                    },
                    "poly2d": [
                        [
                            499.06778,
                            273.326833,
                            "L"
                        ],
                        [
                            0,
                            620.359777,
                            "L"
                        ]
                    ]
                },
                {
                    "category": "lane/road curb",
                    "id": 36,
                    "attributes": {
                        "direction": "parallel",
                        "style": "solid"
                    },
                    "poly2d": [
                        [
                            664.906533,
                            305.573257,
                            "L"
                        ],
                        [
                            1280.6437,
                            500.587346,
                            "L"
                        ]
                    ]
                }
            ]
        }
    ],
    "attributes": {
        "weather": "rainy",
        "scene": "residential",
        "timeofday": "daytime"
    }
}