{
    "name": "b7de4b01-2a16dfe7",
    "frames": [
        {
            "timestamp": 10000,
            "objects": [
                {
                    "category": "traffic light",
                    "id": 0,
                    "attributes": {
                        "occluded": false,
                        "truncated": false,
                        "trafficLightColor": "green"
                    },
                    "box2d": {
                        "x1": 485.103663,
                        "y1": 57.884595,
                        "x2": 509.435685,
                        "y2": 138.564457
                    }
                },
                {
                    "category": "traffic light",
                    "id": 1,
                    "attributes": {
                        "occluded": false,
                        "truncated": false,
                        "trafficLightColor": "green"
                    },
                    "box2d": {
                        "x1": 464.613541,
                        "y1": 322.975572,
                        "x2": 473.57797,
                        "y2": 340.90443
                    }
                },
                {
                    "category": "traffic light",
                    "id": 2,
                    "attributes": {
                        "occluded": false,
                        "truncated": false,
                        "trafficLightColor": "green"
                    },
                    "box2d": {
                        "x1": 479.981132,
                        "y1": 349.868859,
                        "x2": 485.103663,
                        "y2": 361.394554
                    }
                },
                {
                    "category": "traffic light",
                    "id": 3,
                    "attributes": {
                        "occluded": false,
                        "truncated": false,
                        "trafficLightColor": "green"
                    },
                    "box2d": {
                        "x1": 974.30537,
                        "y1": 264.066466,
                        "x2": 1008.882454,
                        "y2": 302.485448
                    }
                },
                {
                    "category": "traffic light",
                    "id": 4,
                    "attributes": {
                        "occluded": false,
                        "truncated": false,
                        "trafficLightColor": "red"
                    },
                    "box2d": {
                        "x1": 926.921958,
                        "y1": 274.311527,
                        "x2": 953.815246,
                        "y2": 302.485448
                    }
                },
                {
                    "category": "traffic sign",
                    "id": 5,
                    "attributes": {
                        "occluded": false,
                        "truncated": false,
                        "trafficLightColor": "none"
                    },
                    "box2d": {
                        "x1": 917.957529,
                        "y1": 164.177113,
                        "x2": 976.866635,
                        "y2": 185.94787
                    }
                },
                {
                    "category": "car",
                    "id": 6,
                    "attributes": {
                        "occluded": true,
                        "truncated": false,
                        "trafficLightColor": "none"
                    },
                    "box2d": {
                        "x1": 422.352659,
                        "y1": 367.797718,
                        "x2": 446.684681,
                        "y2": 389.568474
                    }
                },
                {
                    "category": "car",
                    "id": 7,
                    "attributes": {
                        "occluded": true,
                        "truncated": false,
                        "trafficLightColor": "none"
                    },
                    "box2d": {
                        "x1": 380.09178,
                        "y1": 371.639616,
                        "x2": 405.704435,
                        "y2": 393.410373
                    }
                },
                {
                    "category": "car",
                    "id": 8,
                    "attributes": {
                        "occluded": true,
                        "truncated": false,
                        "trafficLightColor": "none"
                    },
                    "box2d": {
                        "x1": 344.234065,
                        "y1": 374.200882,
                        "x2": 390.336843,
                        "y2": 406.2167
                    }
                },
                {
                    "category": "car",
                    "id": 9,
                    "attributes": {
                        "occluded": true,
                        "truncated": false,
                        "trafficLightColor": "none"
                    },
                    "box2d": {
                        "x1": 278.921795,
                        "y1": 376.762147,
                        "x2": 344.234065,
                        "y2": 413.900497
                    }
                },
                {
                    "category": "person",
                    "id": 10,
                    "attributes": {
                        "occluded": false,
                        "truncated": false,
                        "trafficLightColor": "none"
                    },
                    "box2d": {
                        "x1": 267.396098,
                        "y1": 388.287842,
                        "x2": 287.886222,
                        "y2": 424.145559
                    }
                },
                {
                    "category": "car",
                    "id": 11,
                    "attributes": {
                        "occluded": true,
                        "truncated": false,
                        "trafficLightColor": "none"
                    },
                    "box2d": {
                        "x1": 185.435603,
                        "y1": 380.604045,
                        "x2": 271.237998,
                        "y2": 434.390621
                    }
                },
                {
                    "category": "car",
                    "id": 12,
                    "attributes": {
                        "occluded": true,
                        "truncated": false,
                        "trafficLightColor": "none"
                    },
                    "box2d": {
                        "x1": 72.739924,
                        "y1": 383.165311,
                        "x2": 209.767625,
                        "y2": 457.44201
                    }
                },
                {
                    "category": "car",
                    "id": 13,
                    "attributes": {
                        "occluded": false,
                        "truncated": true,
                        "trafficLightColor": "none"
                    },
                    "box2d": {
                        "x1": 0,
                        "y1": 390.849107,
                        "x2": 100.913845,
                        "y2": 489.457827
                    }
                },
                {
                    "category": "car",
                    "id": 14,
                    "attributes": {
                        "occluded": true,
                        "truncated": false,
                        "trafficLightColor": "none"
                    },
                    "box2d": {
                        "x1": 531.206444,
                        "y1": 371.639616,
                        "x2": 562.16914,
                        "y2": 399.262226
                    }
                },
                {
                    "category": "car",
                    "id": 15,
                    "attributes": {
                        "occluded": true,
                        "truncated": false,
                        "trafficLightColor": "none"
                    },
                    "box2d": {
                        "x1": 503.032523,
                        "y1": 371.639616,
                        "x2": 533.767707,
                        "y2": 403.655435
                    }
                },
                {
                    "category": "car",
                    "id": 16,
                    "attributes": {
                        "occluded": false,
                        "truncated": false,
                        "trafficLightColor": "none"
                    },
                    "box2d": {
                        "x1": 439.000886,
                        "y1": 369.078351,
                        "x2": 522.242014,
                        "y2": 440.793786
                    }
                },
                {
                    "category": "car",
                    "id": 17,
                    "attributes": {
                        "occluded": false,
                        "truncated": false,
                        "trafficLightColor": "none"
                    },
                    "box2d": {
                        "x1": 547.854668,
                        "y1": 375.481514,
                        "x2": 615.728203,
                        "y2": 427.987457
                    }
                },
                {
                    "category": "person",
                    "id": 18,
                    "attributes": {
                        "occluded": false,
                        "truncated": false,
                        "trafficLightColor": "none"
                    },
                    "box2d": {
                        "x1": 1172.803444,
                        "y1": 347.307594,
                        "x2": 1227.870652,
                        "y2": 503.544789
                    }
                },
                {
                    "category": "person",
                    "id": 19,
                    "attributes": {
                        "occluded": false,
                        "truncated": false,
                        "trafficLightColor": "none"
                    },
                    "box2d": {
                        "x1": 1107.491174,
                        "y1": 340.90443,
                        "x2": 1172.803442,
                        "y2": 504.82542
                    }
                },
                {
                    "category": "area/drivable",
                    "id": 20,
                    "attributes": {},
                    "poly2d": [
                        [
                            425.361668,
                            448.378849,
                            "L"
                        ],
                        [
                            586.593789,
                            448.378849,
                            "L"
                        ],
                        [
                            735.541556,
                            585.042266,
                            "L"
                        ],
                        [
                            560.489541,
                            578.90009,
                            "C"
                        ],
                        [
                            423.826124,
                            580.435635,
                            "C"
                        ],
                        [
                            238.025299,
                            595.791074,
                            "C"
                        ],
                        [
                            425.361668,
                            448.378849,
                            "L"
                        ]
                    ]
                },
                {
                    "category": "area/alternative",
                    "id": 21,
                    "attributes": {},
                    "poly2d": [
                        [
                            666.442077,
                            419.203512,
                            "L"
                        ],
                        [
                            942.839998,
                            520.549419,
                            "C"
                        ],
                        [
                            1010.403934,
                            528.227137,
                            "C"
                        ],
                        [
                            1280.6437,
                            534.369314,
                            "C"
                        ],
                        [
                            1280.6437,
                            609.61097,
                            "L"
                        ],
                        [
                            1108.67875,
                            594.25553,
                            "C"
                        ],
                        [
                            945.911086,
                            574.293458,
                            "C"
                        ],
                        [
                            750.896997,
                            585.042266,
                            "C"
                        ],
                        [
                            589.664877,
                            436.094497,
                            "L"
                        ],
                        [
                            666.442077,
                            419.203512,
                            "L"
                        ]
                    ]
                },
                {
                    "category": "area/alternative",
                    "id": 22,
                    "attributes": {},
                    "poly2d": [
                        [
                            433.039388,
                            405.383617,
                            "L"
                        ],
                        [
                            0,
                            522.084962,
                            "L"
                        ],
                        [
                            0,
                            611.146514,
                            "L"
                        ],
                        [
                            228.812036,
                            595.791074,
                            "L"
                        ],
                        [
                            433.039388,
                            429.952321,
                            "L"
                        ],
                        [
                            433.039388,
                            405.383617,
                            "L"
                        ]
                    ]
                },
                {
                    "category": "lane/crosswalk",
                    "id": 23,
                    "attributes": {
                        "direction": "vertical",
                        "style": "dashed"
                    },
                    "poly2d": [
                        [
                            1062.906269,
                            524.46033,
                            "L"
                        ],
                        [
                            1279.683206,
                            572.410989,
                            "L"
                        ]
                    ]
                },
                {
                    "category": "lane/crosswalk",
                    "id": 24,
                    "attributes": {
                        "direction": "vertical",
                        "style": "dashed"
                    },
                    "poly2d": [
                        [
                            0,
                            527.457246,
                            "C"
                        ],
                        [
                            340.649472,
                            509.475749,
                            "C"
                        ],
                        [
                            593.389402,
                            510.474722,
                            "C"
                        ],
                        [
                            993.977197,
                            518.466498,
                            "L"
                        ]
                    ]
                },
                {
                    "category": "lane/crosswalk",
                    "id": 25,
                    "attributes": {
                        "direction": "vertical",
                        "style": "dashed"
                    },
                    "poly2d": [
                        [
                            49.948603,
                            490.49528,
                            "C"
                        ],
                        [
                            336.653583,
                            481.504532,
                            "C"
                        ],
                        [
                            607.375011,
                            472.513783,
                            "C"
                        ],
                        [
                            879.095411,
                            491.494252,
                            "L"
                        ]
                    ]
                },
                {
                    "category": "lane/road curb",
                    "id": 26,
                    "attributes": {
                        "direction": "parallel",
                        "style": "solid"
                    },
                    "poly2d": [
                        [
                            659.321558,
                            413.574432,
                            "C"
                        ],
                        [
                            980.990561,
                            521.463414,
                            "C"
                        ],
                        [
                            1042.926828,
                            531.453135,
                            "C"
                        ],
                        [
                            1273.689374,
                            530.454163,
                            "L"
                        ]
                    ]
                },
                {
                    "category": "lane/single white",
                    "id": 27,
                    "attributes": {
                        "direction": "parallel",
                        "style": "dashed"
                    },
                    "poly2d": [
                        [
                            561.422296,
                            419.568264,
                            "L"
                        ],
                        [
                            633.348285,
                            479.506588,
                            "L"
                        ]
                    ]
                },
                {
                    "category": "lane/single white",
                    "id": 28,
                    "attributes": {
                        "direction": "parallel",
                        "style": "dashed"
                    },
                    "poly2d": [
                        [
                            557.426408,
                            421.566208,
                            "L"
                        ],
                        [
                            623.358564,
                            479.506588,
                            "L"
                        ]
                    ]
                },
                {
                    "category": "lane/single white",
                    "id": 29,
                    "attributes": {
                        "direction": "parallel",
                        "style": "dashed"
                    },
                    "poly2d": [
                        [
                            435.551817,
                            433.553873,
                            "L"
                        ],
                        [
                            385.603214,
                            480.50556,
                            "L"
                        ]
                    ]
                },
                {
                    "category": "lane/single white",
                    "id": 30,
                    "attributes": {
                        "direction": "parallel",
                        "style": "dashed"
                    },
                    "poly2d": [
                        [
                            375.613494,
                            478.507616,
                            "L"
                        ],
                        [
                            433.553873,
                            431.555929,
                            "L"
                        ]
                    ]
                },
                {
                    "category": "lane/single white",
                    "id": 31,
                    "attributes": {
                        "direction": "parallel",
                        "style": "dashed"
                    },
                    "poly2d": [
                        [
                            122.873563,
                            486.499392,
                            "L"
                        ],
                        [
                            373.61555,
                            416.571348,
                            "L"
                        ]
                    ]
                }
            ]
        }
    ],
    "attributes": {
        "weather": "clear",
        "scene": "city street",
        "timeofday": "night"
    }
}