{
    "name": "b7df0c5f-654d495d",
    "frames": [
        {
            "timestamp": 10000,
            "objects": [
                {
                    "category": "traffic light",
                    "id": 0,
                    "attributes": {
                        "occluded": false,
                        "truncated": false,
                        "trafficLightColor": "green"
                    },
                    "box2d": {
                        "x1": 589.338935,
                        "y1": 17.905263,
                        "x2": 607.244198,
                        "y2": 63.947368
                    }
                },
                {
                    "category": "traffic light",
                    "id": 1,
                    "attributes": {
                        "occluded": false,
                        "truncated": false,
                        "trafficLightColor": "red"
                    },
                    "box2d": {
                        "x1": 708.28104,
                        "y1": 189.284212,
                        "x2": 730.023146,
                        "y2": 209.74737
                    }
                },
                {
                    "category": "traffic light",
                    "id": 2,
                    "attributes": {
                        "occluded": false,
                        "truncated": false,
                        "trafficLightColor": "none"
                    },
                    "box2d": {
                        "x1": 611.08104,
                        "y1": 19.184211,
                        "x2": 623.870514,
                        "y2": 63.947368
                    }
                },
                {
                    "category": "traffic light",
                    "id": 3,
                    "attributes": {
                        "occluded": false,
                        "truncated": false,
                        "trafficLightColor": "green"
                    },
                    "box2d": {
                        "x1": 465.281039,
                        "y1": 207.189475,
                        "x2": 476.791566,
                        "y2": 221.257896
                    }
                },
                {
                    "category": "traffic light",
                    "id": 4,
                    "attributes": {
                        "occluded": false,
                        "truncated": false,
                        "trafficLightColor": "green"
                    },
                    "box2d": {
                        "x1": 380.870513,
                        "y1": 205.910527,
                        "x2": 391.102092,
                        "y2": 217.421055
                    }
                },
                {
                    "category": "traffic light",
                    "id": 5,
                    "attributes": {
                        "occluded": false,
                        "truncated": false,
                        "trafficLightColor": "green"
                    },
                    "box2d": {
                        "x1": 453.770513,
                        "y1": 232.768422,
                        "x2": 465.281039,
                        "y2": 243.000001
                    }
                },
                {
                    "category": "traffic sign",
                    "id": 6,
                    "attributes": {
                        "occluded": false,
                        "truncated": false,
                        "trafficLightColor": "none"
                    },
                    "box2d": {
                        "x1": 618.754724,
                        "y1": 196.957896,
                        "x2": 643.054725,
                        "y2": 227.652633
                    }
                },
                {
                    "category": "traffic sign",
                    "id": 7,
                    "attributes": {
                        "occluded": false,
                        "truncated": false,
                        "trafficLightColor": "none"
                    },
                    "box2d": {
                        "x1": 683.98104,
                        "y1": 170.100001,
                        "x2": 715.954724,
                        "y2": 182.889475
                    }
                },
                {
                    "category": "traffic sign",
                    "id": 8,
                    "attributes": {
                        "occluded": false,
                        "truncated": false,
                        "trafficLightColor": "none"
                    },
                    "box2d": {
                        "x1": 701.886303,
                        "y1": 145.800001,
                        "x2": 726.186303,
                        "y2": 161.14737
                    }
                },
                {
                    "category": "car",
                    "id": 9,
                    "attributes": {
                        "occluded": true,
                        "truncated": false,
                        "trafficLightColor": "none"
                    },
                    "box2d": {
                        "x1": 387.26525,
                        "y1": 248.115792,
                        "x2": 410.286302,
                        "y2": 264.742108
                    }
                },
                {
                    "category": "car",
                    "id": 10,
                    "attributes": {
                        "occluded": true,
                        "truncated": false,
                        "trafficLightColor": "none"
                    },
                    "box2d": {
                        "x1": 333.54946,
                        "y1": 240.442107,
                        "x2": 354.012617,
                        "y2": 272.41579
                    }
                },
                {
                    "category": "car",
                    "id": 11,
                    "attributes": {
                        "occluded": true,
                        "truncated": false,
                        "trafficLightColor": "none"
                    },
                    "box2d": {
                        "x1": 242.744195,
                        "y1": 245.557896,
                        "x2": 282.391564,
                        "y2": 283.926316
                    }
                },
                {
                    "category": "car",
                    "id": 12,
                    "attributes": {
                        "occluded": true,
                        "truncated": false,
                        "trafficLightColor": "none"
                    },
                    "box2d": {
                        "x1": 185.191564,
                        "y1": 240.442107,
                        "x2": 247.859986,
                        "y2": 289.042107
                    }
                },
                {
                    "category": "car",
                    "id": 13,
                    "attributes": {
                        "occluded": true,
                        "truncated": false,
                        "trafficLightColor": "none"
                    },
                    "box2d": {
                        "x1": 553.528408,
                        "y1": 236.605264,
                        "x2": 591.896829,
                        "y2": 280.089475
                    }
                },
                {
                    "category": "car",
                    "id": 14,
                    "attributes": {
                        "occluded": false,
                        "truncated": false,
                        "trafficLightColor": "none"
                    },
                    "box2d": {
                        "x1": 87.991564,
                        "y1": 237.884212,
                        "x2": 201.81788,
                        "y2": 309.505266
                    }
                },
                {
                    "category": "car",
                    "id": 15,
                    "attributes": {
                        "occluded": false,
                        "truncated": false,
                        "trafficLightColor": "none"
                    },
                    "box2d": {
                        "x1": 292.623145,
                        "y1": 244.278949,
                        "x2": 342.502091,
                        "y2": 280.089475
                    }
                },
                {
                    "category": "car",
                    "id": 16,
                    "attributes": {
                        "occluded": false,
                        "truncated": false,
                        "trafficLightColor": "none"
                    },
                    "box2d": {
                        "x1": 573.991566,
                        "y1": 234.04737,
                        "x2": 655.844198,
                        "y2": 294.157896
                    }
                },
                {
                    "category": "car",
                    "id": 17,
                    "attributes": {
                        "occluded": false,
                        "truncated": false,
                        "trafficLightColor": "none"
                    },
                    "box2d": {
                        "x1": 345.059986,
                        "y1": 237.884212,
                        "x2": 389.823143,
                        "y2": 273.694738
                    }
                },
                {
                    "category": "bus",
                    "id": 18,
                    "attributes": {
                        "occluded": true,
                        "truncated": true,
                        "trafficLightColor": "none"
                    },
                    "box2d": {
                        "x1": 921.865253,
                        "y1": 156.031579,
                        "x2": 1279.970518,
                        "y2": 283.926316
                    }
                },
                {
                    "category": "car",
                    "id": 19,
                    "attributes": {
                        "occluded": true,
                        "truncated": true,
                        "trafficLightColor": "none"
                    },
                    "box2d": {
                        "x1": 1163.586306,
                        "y1": 212.305264,
                        "x2": 1279.970517,
                        "y2": 292.878949
                    }
                },
                {
                    "category": "car",
                    "id": 20,
                    "attributes": {
                        "occluded": false,
                        "truncated": true,
                        "trafficLightColor": "none"
                    },
                    "box2d": {
                        "x1": 1263.344202,
                        "y1": 244.278949,
                        "x2": 1279.970517,
                        "y2": 313.342107
                    }
                },
                {
                    "category": "car",
                    "id": 21,
                    "attributes": {
                        "occluded": false,
                        "truncated": false,
                        "trafficLightColor": "none"
                    },
                    "box2d": {
                        "x1": 502.370513,
                        "y1": 241.721055,
                        "x2": 538.18104,
                        "y2": 273.694738
                    }
                },
                {
                    "category": "area/drivable",
                    "id": 22,
                    "attributes": {},
                    "poly2d": [
                        [
                            419.069233,
                            268.312317,
                            "L"
                        ],
                        [
                            484.881688,
                            266.624817,
                            "L"
                        ],
                        [
                            572.631627,
                            298.687295,
                            "L"
                        ],
                        [
                            1154.818728,
                            286.874803,
                            "L"
                        ],
                        [
                            1280.811619,
                            317.249782,
                            "L"
                        ],
                        [
                            1280.811619,
                            548.437123,
                            "L"
                        ],
                        [
                            918.56889,
                            509.624649,
                            "C"
                        ],
                        [
                            488.256685,
                            487.687166,
                            "C"
                        ],
                        [
                            0,
                            568.687109,
                            "C"
                        ],
                        [
                            419.069233,
                            268.312317,
                            "L"
                        ]
                    ]
                },
                {
                    "category": "lane/single white",
                    "id": 23,
                    "attributes": {
                        "direction": "parallel",
                        "style": "dashed"
                    },
                    "poly2d": [
                        [
                            895.238134,
                            322.464241,
                            "L"
                        ],
                        [
                            0,
                            353.175121,
                            "L"
                        ]
                    ]
                },
                {
                    "category": "lane/single white",
                    "id": 24,
                    "attributes": {
                        "direction": "parallel",
                        "style": "dashed"
                    },
                    "poly2d": [
                        [
                            879.882694,
                            316.322065,
                            "L"
                        ],
                        [
                            0,
                            343.961857,
                            "L"
                        ]
                    ]
                },
                {
                    "category": "lane/crosswalk",
                    "id": 25,
                    "attributes": {
                        "direction": "vertical",
                        "style": "dashed"
                    },
                    "poly2d": [
                        [
                            786.214509,
                            300.966625,
                            "L"
                        ],
                        [
                            1279.124135,
                            393.099265,
                            "L"
                        ]
                    ]
                },
                {
                    "category": "lane/crosswalk",
                    "id": 26,
                    "attributes": {
                        "direction": "vertical",
                        "style": "dashed"
                    },
                    "poly2d": [
                        [
                            1280.6437,
                            383.886001,
                            "L"
                        ],
                        [
                            792.356685,
                            297.895537,
                            "L"
                        ]
                    ]
                },
                {
                    "category": "lane/crosswalk",
                    "id": 27,
                    "attributes": {
                        "direction": "vertical",
                        "style": "dashed"
                    },
                    "poly2d": [
                        [
                            1279.124135,
                            347.032945,
                            "L"
                        ],
                        [
                            975.086422,
                            297.895537,
                            "L"
                        ]
                    ]
                },
                {
                    "category": "lane/single white",
                    "id": 28,
                    "attributes": {
                        "direction": "vertical",
                        "style": "solid"
                    },
                    "poly2d": [
                        [
                            1253.019887,
                            311.715433,
                            "L"
                        ],
                        [
                            1019.617198,
                            297.895537,
                            "L"
                        ]
                    ]
                },
                {
                    "category": "lane/single white",
                    "id": 29,
                    "attributes": {
                        "direction": "parallel",
                        "style": "solid"
                    },
                    "poly2d": [
                        [
                            1280.6437,
                            325.535329,
                            "L"
                        ],
                        [
                            1211.560199,
                            331.677505,
                            "L"
                        ]
                    ]
                },
                {
                    "category": "lane/road curb",
                    "id": 30,
                    "attributes": {
                        "direction": "parallel",
                        "style": "solid"
                    },
                    "poly2d": [
                        [
                            657.228813,
                            296.359993,
                            "C"
                        ],
                        [
                            819.996477,
                            302.502169,
                            "C"
                        ],
                        [
                            990.441862,
                            290.217817,
                            "C"
                        ],
                        [
                            1157.816159,
                            288.682273,
                            "L"
                        ]
                    ]
                },
                {
                    "category": "lane/road curb",
                    "id": 31,
                    "attributes": {
                        "direction": "parallel",
                        "style": "solid"
                    },
                    "poly2d": [
                        [
                            92.148619,
                            307.108801,
                            "C"
                        ],
                        [
                            62.973283,
                            313.250977,
                            "C"
                        ],
                        [
                            30.71088,
                            317.857609,
                            "C"
                        ],
                        [
                            0,
                            322.464241,
                            "L"
                        ]
                    ]
                },
                {
                    "category": "lane/crosswalk",
                    "id": 32,
                    "attributes": {
                        "direction": "vertical",
                        "style": "dashed"
                    },
                    "poly2d": [
                        [
                            4.622611,
                            325.535329,
                            "L"
                        ],
                        [
                            631.124565,
                            299.431081,
                            "L"
                        ]
                    ]
                }
            ]
        }
    ],
    "attributes": {
        "weather": "clear",
        "scene": "city street",
        "timeofday": "daytime"
    }
}