{
    "name": "b7df0c5f-293b7be6",
    "frames": [
        {
            "timestamp": 10000,
            "objects": [
                {
                    "category": "traffic light",
                    "id": 0,
                    "attributes": {
                        "occluded": false,
                        "truncated": false,
                        "trafficLightColor": "green"
                    },
                    "box2d": {
                        "x1": 285.434479,
                        "y1": 130.341716,
                        "x2": 295.155994,
                        "y2": 155.860694
                    }
                },
                {
                    "category": "traffic light",
                    "id": 1,
                    "attributes": {
                        "occluded": false,
                        "truncated": false,
                        "trafficLightColor": "green"
                    },
                    "box2d": {
                        "x1": 512.674894,
                        "y1": 116.974635,
                        "x2": 521.181219,
                        "y2": 144.92399
                    }
                },
                {
                    "category": "traffic light",
                    "id": 2,
                    "attributes": {
                        "occluded": false,
                        "truncated": false,
                        "trafficLightColor": "none"
                    },
                    "box2d": {
                        "x1": 272.067395,
                        "y1": 130.341716,
                        "x2": 284.219292,
                        "y2": 153.430316
                    }
                },
                {
                    "category": "traffic light",
                    "id": 3,
                    "attributes": {
                        "occluded": false,
                        "truncated": false,
                        "trafficLightColor": "none"
                    },
                    "box2d": {
                        "x1": 499.307811,
                        "y1": 115.759444,
                        "x2": 511.459702,
                        "y2": 142.493608
                    }
                },
                {
                    "category": "traffic light",
                    "id": 4,
                    "attributes": {
                        "occluded": false,
                        "truncated": false,
                        "trafficLightColor": "none"
                    },
                    "box2d": {
                        "x1": 32.675089,
                        "y1": 189.885996,
                        "x2": 60.624441,
                        "y2": 210.544214
                    }
                },
                {
                    "category": "traffic light",
                    "id": 5,
                    "attributes": {
                        "occluded": false,
                        "truncated": false,
                        "trafficLightColor": "none"
                    },
                    "box2d": {
                        "x1": 662.143187,
                        "y1": 183.810049,
                        "x2": 685.231785,
                        "y2": 200.822701
                    }
                },
                {
                    "category": "traffic sign",
                    "id": 6,
                    "attributes": {
                        "occluded": false,
                        "truncated": false,
                        "trafficLightColor": "none"
                    },
                    "box2d": {
                        "x1": 31.459899,
                        "y1": 121.835391,
                        "x2": 59.409252,
                        "y2": 132.772095
                    }
                },
                {
                    "category": "traffic sign",
                    "id": 7,
                    "attributes": {
                        "occluded": false,
                        "truncated": false,
                        "trafficLightColor": "none"
                    },
                    "box2d": {
                        "x1": 49.687739,
                        "y1": 129.126526,
                        "x2": 61.839633,
                        "y2": 141.278423
                    }
                },
                {
                    "category": "traffic sign",
                    "id": 8,
                    "attributes": {
                        "occluded": false,
                        "truncated": false,
                        "trafficLightColor": "none"
                    },
                    "box2d": {
                        "x1": 48.472549,
                        "y1": 142.493608,
                        "x2": 80.067473,
                        "y2": 154.645504
                    }
                },
                {
                    "category": "traffic sign",
                    "id": 9,
                    "attributes": {
                        "occluded": false,
                        "truncated": false,
                        "trafficLightColor": "none"
                    },
                    "box2d": {
                        "x1": 230.750957,
                        "y1": 137.632853,
                        "x2": 247.763612,
                        "y2": 155.860691
                    }
                },
                {
                    "category": "traffic sign",
                    "id": 10,
                    "attributes": {
                        "occluded": false,
                        "truncated": false,
                        "trafficLightColor": "none"
                    },
                    "box2d": {
                        "x1": 172.421867,
                        "y1": 177.734102,
                        "x2": 196.725654,
                        "y2": 186.240425
                    }
                },
                {
                    "category": "traffic sign",
                    "id": 11,
                    "attributes": {
                        "occluded": false,
                        "truncated": false,
                        "trafficLightColor": "none"
                    },
                    "box2d": {
                        "x1": 541.839438,
                        "y1": 120.620201,
                        "x2": 594.092582,
                        "y2": 135.202474
                    }
                },
                {
                    "category": "traffic sign",
                    "id": 12,
                    "attributes": {
                        "occluded": false,
                        "truncated": false,
                        "trafficLightColor": "none"
                    },
                    "box2d": {
                        "x1": 642.700157,
                        "y1": 168.012586,
                        "x2": 664.573567,
                        "y2": 180.164483
                    }
                },
                {
                    "category": "person",
                    "id": 13,
                    "attributes": {
                        "occluded": false,
                        "truncated": false,
                        "trafficLightColor": "none"
                    },
                    "box2d": {
                        "x1": 126.379696,
                        "y1": 230.480919,
                        "x2": 137.316401,
                        "y2": 265.721411
                    }
                },
                {
                    "category": "car",
                    "id": 14,
                    "attributes": {
                        "occluded": true,
                        "truncated": false,
                        "trafficLightColor": "none"
                    },
                    "box2d": {
                        "x1": 621.593549,
                        "y1": 216.113837,
                        "x2": 641.036579,
                        "y2": 234.341677
                    }
                },
                {
                    "category": "car",
                    "id": 15,
                    "attributes": {
                        "occluded": true,
                        "truncated": false,
                        "trafficLightColor": "none"
                    },
                    "box2d": {
                        "x1": 303.21393,
                        "y1": 235.556866,
                        "x2": 344.530368,
                        "y2": 264.721412
                    }
                },
                {
                    "category": "car",
                    "id": 16,
                    "attributes": {
                        "occluded": true,
                        "truncated": false,
                        "trafficLightColor": "none"
                    },
                    "box2d": {
                        "x1": 292.277225,
                        "y1": 233.126489,
                        "x2": 311.720255,
                        "y2": 247.708761
                    }
                },
                {
                    "category": "car",
                    "id": 17,
                    "attributes": {
                        "occluded": true,
                        "truncated": false,
                        "trafficLightColor": "none"
                    },
                    "box2d": {
                        "x1": 278.910142,
                        "y1": 233.126489,
                        "x2": 306.859495,
                        "y2": 259.860654
                    }
                },
                {
                    "category": "car",
                    "id": 18,
                    "attributes": {
                        "occluded": true,
                        "truncated": false,
                        "trafficLightColor": "none"
                    },
                    "box2d": {
                        "x1": 265.543059,
                        "y1": 233.126489,
                        "x2": 295.922794,
                        "y2": 256.215086
                    }
                },
                {
                    "category": "car",
                    "id": 19,
                    "attributes": {
                        "occluded": true,
                        "truncated": false,
                        "trafficLightColor": "none"
                    },
                    "box2d": {
                        "x1": 223.011431,
                        "y1": 235.556866,
                        "x2": 287.416465,
                        "y2": 263.506223
                    }
                },
                {
                    "category": "car",
                    "id": 20,
                    "attributes": {
                        "occluded": true,
                        "truncated": false,
                        "trafficLightColor": "none"
                    },
                    "box2d": {
                        "x1": 227.872188,
                        "y1": 237.987245,
                        "x2": 271.619005,
                        "y2": 262.291032
                    }
                },
                {
                    "category": "car",
                    "id": 21,
                    "attributes": {
                        "occluded": true,
                        "truncated": false,
                        "trafficLightColor": "none"
                    },
                    "box2d": {
                        "x1": 212.074726,
                        "y1": 239.202436,
                        "x2": 259.467114,
                        "y2": 267.151792
                    }
                },
                {
                    "category": "car",
                    "id": 22,
                    "attributes": {
                        "occluded": true,
                        "truncated": false,
                        "trafficLightColor": "none"
                    },
                    "box2d": {
                        "x1": 162.251962,
                        "y1": 231.911299,
                        "x2": 237.593701,
                        "y2": 269.58217
                    }
                },
                {
                    "category": "car",
                    "id": 23,
                    "attributes": {
                        "occluded": true,
                        "truncated": false,
                        "trafficLightColor": "none"
                    },
                    "box2d": {
                        "x1": 455.112602,
                        "y1": 184.518912,
                        "x2": 559.618888,
                        "y2": 199.101184
                    }
                },
                {
                    "category": "car",
                    "id": 24,
                    "attributes": {
                        "occluded": true,
                        "truncated": false,
                        "trafficLightColor": "none"
                    },
                    "box2d": {
                        "x1": 632.978642,
                        "y1": 202.03789,
                        "x2": 782.446935,
                        "y2": 349.075804
                    }
                },
                {
                    "category": "car",
                    "id": 25,
                    "attributes": {
                        "occluded": true,
                        "truncated": false,
                        "trafficLightColor": "none"
                    },
                    "box2d": {
                        "x1": 685.231786,
                        "y1": 214.189784,
                        "x2": 927.054472,
                        "y2": 387.961867
                    }
                },
                {
                    "category": "car",
                    "id": 26,
                    "attributes": {
                        "occluded": true,
                        "truncated": false,
                        "trafficLightColor": "none"
                    },
                    "box2d": {
                        "x1": 346.352709,
                        "y1": 219.374911,
                        "x2": 394.960284,
                        "y2": 282.564759
                    }
                },
                {
                    "category": "car",
                    "id": 27,
                    "attributes": {
                        "occluded": false,
                        "truncated": false,
                        "trafficLightColor": "none"
                    },
                    "box2d": {
                        "x1": 318.403352,
                        "y1": 201.14707,
                        "x2": 681.744975,
                        "y2": 502.514037
                    }
                },
                {
                    "category": "car",
                    "id": 28,
                    "attributes": {
                        "occluded": false,
                        "truncated": true,
                        "trafficLightColor": "none"
                    },
                    "box2d": {
                        "x1": 766.808235,
                        "y1": 190.210366,
                        "x2": 1278.402963,
                        "y2": 559.627939
                    }
                },
                {
                    "category": "lane/road curb",
                    "id": 29,
                    "attributes": {
                        "direction": "parallel",
                        "style": "solid"
                    },
                    "poly2d": [
                        [
                            109.886927,
                            297.693673,
                            "L"
                        ],
                        [
                            1.997945,
                            315.675171,
                            "L"
                        ]
                    ]
                },
                {
                    "category": "lane/road curb",
                    "id": 30,
                    "attributes": {
                        "direction": "parallel",
                        "style": "solid"
                    },
                    "poly2d": [
                        [
                            92.904402,
                            282.709091,
                            "L"
                        ],
                        [
                            218.77488,
                            278.713204,
                            "L"
                        ]
                    ]
                },
                {
                    "category": "lane/crosswalk",
                    "id": 31,
                    "attributes": {
                        "direction": "vertical",
                        "style": "dashed"
                    },
                    "poly2d": [
                        [
                            157.837586,
                            283.708064,
                            "L"
                        ],
                        [
                            118.877675,
                            292.698813,
                            "L"
                        ]
                    ]
                },
                {
                    "category": "lane/crosswalk",
                    "id": 32,
                    "attributes": {
                        "direction": "vertical",
                        "style": "dashed"
                    },
                    "poly2d": [
                        [
                            146.848891,
                            290.70087,
                            "L"
                        ],
                        [
                            222.77077,
                            285.706009,
                            "L"
                        ]
                    ]
                },
                {
                    "category": "lane/crosswalk",
                    "id": 33,
                    "attributes": {
                        "direction": "vertical",
                        "style": "dashed"
                    },
                    "poly2d": [
                        [
                            115.880759,
                            297.693673,
                            "L"
                        ],
                        [
                            195.798523,
                            294.696757,
                            "L"
                        ]
                    ]
                },
                {
                    "category": "lane/double yellow",
                    "id": 34,
                    "attributes": {
                        "direction": "parallel",
                        "style": "solid"
                    },
                    "poly2d": [
                        [
                            3.995888,
                            404.583682,
                            "L"
                        ],
                        [
                            322.667975,
                            298.692645,
                            "L"
                        ]
                    ]
                },
                {
                    "category": "lane/double yellow",
                    "id": 35,
                    "attributes": {
                        "direction": "parallel",
                        "style": "solid"
                    },
                    "poly2d": [
                        [
                            6.992804,
                            419.568264,
                            "L"
                        ],
                        [
                            317.673114,
                            309.681338,
                            "L"
                        ]
                    ]
                }
            ]
        }
    ],
    "attributes": {
        "weather": "clear",
        "scene": "city street",
        "timeofday": "daytime"
    }
}